"STATION","NAME","LATITUDE","LONGITUDE","ELEVATION","DATE","TAVG","TMAX","TMIN","WESD","WESF"
"USW00094728","NY CITY CENTRAL PARK, NY US","40.77898","-73.96925","42.7","2015-04-01",,"51","32",,
"USW00094728","NY CITY CENTRAL PARK, NY US","40.77898","-73.96925","42.7","2015-04-02",,"67","41",,
"USW00094728","NY CITY CENTRAL PARK, NY US","40.77898","-73.96925","42.7","2015-04-03",,"64","59",,
"USW00094728","NY CITY CENTRAL PARK, NY US","40.77898","-73.96925","42.7","2015-04-04",,"60","42",,
"USW00094728","NY CITY CENTRAL PARK, NY US","40.77898","-73.96925","42.7","2015-04-05",,"61","42",,
"USW00094728","NY CITY CENTRAL PARK, NY US","40.77898","-73.96925","42.7","2015-04-06",,"63","42",,
"USW00094728","NY CITY CENTRAL PARK, NY US","40.77898","-73.96925","42.7","2015-04-07",,"62","42",,
"USW00094728","NY CITY CENTRAL PARK, NY US","40.77898","-73.96925","42.7","2015-04-08",,"45","37",,
"USW00094728","NY CITY CENTRAL PARK, NY US","40.77898","-73.96925","42.7","2015-04-09",,"43","37",,
"USW00094728","NY CITY CENTRAL PARK, NY US","40.77898","-73.96925","42.7","2015-04-10",,"56","39",,
"USW00094728","NY CITY CENTRAL PARK, NY US","40.77898","-73.96925","42.7","2015-04-11",,"57","44",,
"USW00094728","NY CITY CENTRAL PARK, NY US","40.77898","-73.96925","42.7","2015-04-12",,"66","43",,
"USW00094728","NY CITY CENTRAL PARK, NY US","40.77898","-73.96925","42.7","2015-04-13",,"68","50",,
"USW00094728","NY CITY CENTRAL PARK, NY US","40.77898","-73.96925","42.7","2015-04-14",,"65","55",,
"USW00094728","NY CITY CENTRAL PARK, NY US","40.77898","-73.96925","42.7","2015-04-15",,"72","51",,
"USW00094728","NY CITY CENTRAL PARK, NY US","40.77898","-73.96925","42.7","2015-04-16",,"64","52",,
"USW00094728","NY CITY CENTRAL PARK, NY US","40.77898","-73.96925","42.7","2015-04-17",,"71","55",,
"USW00094728","NY CITY CENTRAL PARK, NY US","40.77898","-73.96925","42.7","2015-04-18",,"80","59",,
"USW00094728","NY CITY CENTRAL PARK, NY US","40.77898","-73.96925","42.7","2015-04-19",,"64","48",,
"USW00094728","NY CITY CENTRAL PARK, NY US","40.77898","-73.96925","42.7","2015-04-20",,"57","46",,
"USW00094728","NY CITY CENTRAL PARK, NY US","40.77898","-73.96925","42.7","2015-04-21",,"65","52",,
"USW00094728","NY CITY CENTRAL PARK, NY US","40.77898","-73.96925","42.7","2015-04-22",,"69","48",,
"USW00094728","NY CITY CENTRAL PARK, NY US","40.77898","-73.96925","42.7","2015-04-23",,"52","41",,
"USW00094728","NY CITY CENTRAL PARK, NY US","40.77898","-73.96925","42.7","2015-04-24",,"52","39",,
"USW00094728","NY CITY CENTRAL PARK, NY US","40.77898","-73.96925","42.7","2015-04-25",,"62","38",,
"USW00094728","NY CITY CENTRAL PARK, NY US","40.77898","-73.96925","42.7","2015-04-26",,"64","46",,
"USW00094728","NY CITY CENTRAL PARK, NY US","40.77898","-73.96925","42.7","2015-04-27",,"62","49",,
"USW00094728","NY CITY CENTRAL PARK, NY US","40.77898","-73.96925","42.7","2015-04-28",,"71","50",,
"USW00094728","NY CITY CENTRAL PARK, NY US","40.77898","-73.96925","42.7","2015-04-29",,"78","50",,
"USW00094728","NY CITY CENTRAL PARK, NY US","40.77898","-73.96925","42.7","2015-04-30",,"67","48",,
"USW00094728","NY CITY CENTRAL PARK, NY US","40.77898","-73.96925","42.7","2015-05-01",,"63","49",,
"USW00094728","NY CITY CENTRAL PARK, NY US","40.77898","-73.96925","42.7","2015-05-02",,"74","48",,
"USW00094728","NY CITY CENTRAL PARK, NY US","40.77898","-73.96925","42.7","2015-05-03",,"80","51",,
"USW00094728","NY CITY CENTRAL PARK, NY US","40.77898","-73.96925","42.7","2015-05-04",,"85","57",,
"USW00094728","NY CITY CENTRAL PARK, NY US","40.77898","-73.96925","42.7","2015-05-05",,"85","66",,
"USW00094728","NY CITY CENTRAL PARK, NY US","40.77898","-73.96925","42.7","2015-05-06",,"73","59",,
"USW00094728","NY CITY CENTRAL PARK, NY US","40.77898","-73.96925","42.7","2015-05-07",,"80","56",,
"USW00094728","NY CITY CENTRAL PARK, NY US","40.77898","-73.96925","42.7","2015-05-08",,"82","56",,
"USW00094728","NY CITY CENTRAL PARK, NY US","40.77898","-73.96925","42.7","2015-05-09",,"70","57",,
"USW00094728","NY CITY CENTRAL PARK, NY US","40.77898","-73.96925","42.7","2015-05-10",,"83","61",,
"USW00094728","NY CITY CENTRAL PARK, NY US","40.77898","-73.96925","42.7","2015-05-11",,"84","70",,
"USW00094728","NY CITY CENTRAL PARK, NY US","40.77898","-73.96925","42.7","2015-05-12",,"86","64",,
"USW00094728","NY CITY CENTRAL PARK, NY US","40.77898","-73.96925","42.7","2015-05-13",,"70","53",,
"USW00094728","NY CITY CENTRAL PARK, NY US","40.77898","-73.96925","42.7","2015-05-14",,"73","50",,
"USW00094728","NY CITY CENTRAL PARK, NY US","40.77898","-73.96925","42.7","2015-05-15",,"75","55",,
"USW00094728","NY CITY CENTRAL PARK, NY US","40.77898","-73.96925","42.7","2015-05-16",,"75","57",,
"USW00094728","NY CITY CENTRAL PARK, NY US","40.77898","-73.96925","42.7","2015-05-17",,"83","64",,
"USW00094728","NY CITY CENTRAL PARK, NY US","40.77898","-73.96925","42.7","2015-05-18",,"75","60",,
"USW00094728","NY CITY CENTRAL PARK, NY US","40.77898","-73.96925","42.7","2015-05-19",,"80","59",,
"USW00094728","NY CITY CENTRAL PARK, NY US","40.77898","-73.96925","42.7","2015-05-20",,"67","54",,
"USW00094728","NY CITY CENTRAL PARK, NY US","40.77898","-73.96925","42.7","2015-05-21",,"62","52",,
"USW00094728","NY CITY CENTRAL PARK, NY US","40.77898","-73.96925","42.7","2015-05-22",,"74","55",,
"USW00094728","NY CITY CENTRAL PARK, NY US","40.77898","-73.96925","42.7","2015-05-23",,"70","49",,
"USW00094728","NY CITY CENTRAL PARK, NY US","40.77898","-73.96925","42.7","2015-05-24",,"81","56",,
"USW00094728","NY CITY CENTRAL PARK, NY US","40.77898","-73.96925","42.7","2015-05-25",,"85","64",,
"USW00094728","NY CITY CENTRAL PARK, NY US","40.77898","-73.96925","42.7","2015-05-26",,"88","67",,
"USW00094728","NY CITY CENTRAL PARK, NY US","40.77898","-73.96925","42.7","2015-05-27",,"85","70",,
"USW00094728","NY CITY CENTRAL PARK, NY US","40.77898","-73.96925","42.7","2015-05-28",,"85","70",,
"USW00094728","NY CITY CENTRAL PARK, NY US","40.77898","-73.96925","42.7","2015-05-29",,"85","65",,
"USW00094728","NY CITY CENTRAL PARK, NY US","40.77898","-73.96925","42.7","2015-05-30",,"85","67",,
"USW00094728","NY CITY CENTRAL PARK, NY US","40.77898","-73.96925","42.7","2015-05-31",,"87","57",,
"USW00094728","NY CITY CENTRAL PARK, NY US","40.77898","-73.96925","42.7","2015-06-01",,"58","51",,
"USW00094728","NY CITY CENTRAL PARK, NY US","40.77898","-73.96925","42.7","2015-06-02",,"55","50",,
"USW00094728","NY CITY CENTRAL PARK, NY US","40.77898","-73.96925","42.7","2015-06-03",,"70","52",,
"USW00094728","NY CITY CENTRAL PARK, NY US","40.77898","-73.96925","42.7","2015-06-04",,"65","54",,
"USW00094728","NY CITY CENTRAL PARK, NY US","40.77898","-73.96925","42.7","2015-06-05",,"70","55",,
"USW00094728","NY CITY CENTRAL PARK, NY US","40.77898","-73.96925","42.7","2015-06-06",,"76","60",,
"USW00094728","NY CITY CENTRAL PARK, NY US","40.77898","-73.96925","42.7","2015-06-07",,"74","55",,
"USW00094728","NY CITY CENTRAL PARK, NY US","40.77898","-73.96925","42.7","2015-06-08",,"79","63",,
"USW00094728","NY CITY CENTRAL PARK, NY US","40.77898","-73.96925","42.7","2015-06-09",,"83","68",,
"USW00094728","NY CITY CENTRAL PARK, NY US","40.77898","-73.96925","42.7","2015-06-10",,"82","65",,
"USW00094728","NY CITY CENTRAL PARK, NY US","40.77898","-73.96925","42.7","2015-06-11",,"89","72",,
"USW00094728","NY CITY CENTRAL PARK, NY US","40.77898","-73.96925","42.7","2015-06-12",,"88","73",,
"USW00094728","NY CITY CENTRAL PARK, NY US","40.77898","-73.96925","42.7","2015-06-13",,"86","72",,
"USW00094728","NY CITY CENTRAL PARK, NY US","40.77898","-73.96925","42.7","2015-06-14",,"88","66",,
"USW00094728","NY CITY CENTRAL PARK, NY US","40.77898","-73.96925","42.7","2015-06-15",,"83","64",,
"USW00094728","NY CITY CENTRAL PARK, NY US","40.77898","-73.96925","42.7","2015-06-16",,"79","65",,
"USW00094728","NY CITY CENTRAL PARK, NY US","40.77898","-73.96925","42.7","2015-06-17",,"82","66",,
"USW00094728","NY CITY CENTRAL PARK, NY US","40.77898","-73.96925","42.7","2015-06-18",,"71","64",,
"USW00094728","NY CITY CENTRAL PARK, NY US","40.77898","-73.96925","42.7","2015-06-19",,"87","68",,
"USW00094728","NY CITY CENTRAL PARK, NY US","40.77898","-73.96925","42.7","2015-06-20",,"75","64",,
"USW00094728","NY CITY CENTRAL PARK, NY US","40.77898","-73.96925","42.7","2015-06-21",,"88","71",,
"USW00094728","NY CITY CENTRAL PARK, NY US","40.77898","-73.96925","42.7","2015-06-22",,"87","70",,
"USW00094728","NY CITY CENTRAL PARK, NY US","40.77898","-73.96925","42.7","2015-06-23",,"90","75",,
"USW00094728","NY CITY CENTRAL PARK, NY US","40.77898","-73.96925","42.7","2015-06-24",,"84","68",,
"USW00094728","NY CITY CENTRAL PARK, NY US","40.77898","-73.96925","42.7","2015-06-25",,"83","65",,
"USW00094728","NY CITY CENTRAL PARK, NY US","40.77898","-73.96925","42.7","2015-06-26",,"81","69",,
"USW00094728","NY CITY CENTRAL PARK, NY US","40.77898","-73.96925","42.7","2015-06-27",,"71","58",,
"USW00094728","NY CITY CENTRAL PARK, NY US","40.77898","-73.96925","42.7","2015-06-28",,"73","62",,
"USW00094728","NY CITY CENTRAL PARK, NY US","40.77898","-73.96925","42.7","2015-06-29",,"76","63",,
"USW00094728","NY CITY CENTRAL PARK, NY US","40.77898","-73.96925","42.7","2015-06-30",,"82","68",,
"USW00094728","NY CITY CENTRAL PARK, NY US","40.77898","-73.96925","42.7","2015-07-01",,"82","69",,
"USW00094728","NY CITY CENTRAL PARK, NY US","40.77898","-73.96925","42.7","2015-07-02",,"80","69",,
"USW00094728","NY CITY CENTRAL PARK, NY US","40.77898","-73.96925","42.7","2015-07-03",,"82","66",,
"USW00094728","NY CITY CENTRAL PARK, NY US","40.77898","-73.96925","42.7","2015-07-04",,"75","69",,
"USW00094728","NY CITY CENTRAL PARK, NY US","40.77898","-73.96925","42.7","2015-07-05",,"83","68",,
"USW00094728","NY CITY CENTRAL PARK, NY US","40.77898","-73.96925","42.7","2015-07-06",,"83","72",,
"USW00094728","NY CITY CENTRAL PARK, NY US","40.77898","-73.96925","42.7","2015-07-07",,"88","75",,
"USW00094728","NY CITY CENTRAL PARK, NY US","40.77898","-73.96925","42.7","2015-07-08",,"88","77",,
"USW00094728","NY CITY CENTRAL PARK, NY US","40.77898","-73.96925","42.7","2015-07-09",,"79","68",,
"USW00094728","NY CITY CENTRAL PARK, NY US","40.77898","-73.96925","42.7","2015-07-10",,"84","72",,
"USW00094728","NY CITY CENTRAL PARK, NY US","40.77898","-73.96925","42.7","2015-07-11",,"88","69",,
"USW00094728","NY CITY CENTRAL PARK, NY US","40.77898","-73.96925","42.7","2015-07-12",,"89","72",,
"USW00094728","NY CITY CENTRAL PARK, NY US","40.77898","-73.96925","42.7","2015-07-13",,"88","73",,
"USW00094728","NY CITY CENTRAL PARK, NY US","40.77898","-73.96925","42.7","2015-07-14",,"82","73",,
"USW00094728","NY CITY CENTRAL PARK, NY US","40.77898","-73.96925","42.7","2015-07-15",,"81","72",,
"USW00094728","NY CITY CENTRAL PARK, NY US","40.77898","-73.96925","42.7","2015-07-16",,"80","64",,
"USW00094728","NY CITY CENTRAL PARK, NY US","40.77898","-73.96925","42.7","2015-07-17",,"81","67",,
"USW00094728","NY CITY CENTRAL PARK, NY US","40.77898","-73.96925","42.7","2015-07-18",,"85","71",,
"USW00094728","NY CITY CENTRAL PARK, NY US","40.77898","-73.96925","42.7","2015-07-19",,"93","78",,
"USW00094728","NY CITY CENTRAL PARK, NY US","40.77898","-73.96925","42.7","2015-07-20",,"94","82",,
"USW00094728","NY CITY CENTRAL PARK, NY US","40.77898","-73.96925","42.7","2015-07-21",,"89","74",,
"USW00094728","NY CITY CENTRAL PARK, NY US","40.77898","-73.96925","42.7","2015-07-22",,"85","69",,
"USW00094728","NY CITY CENTRAL PARK, NY US","40.77898","-73.96925","42.7","2015-07-23",,"86","68",,
"USW00094728","NY CITY CENTRAL PARK, NY US","40.77898","-73.96925","42.7","2015-07-24",,"87","70",,
"USW00094728","NY CITY CENTRAL PARK, NY US","40.77898","-73.96925","42.7","2015-07-25",,"88","69",,
"USW00094728","NY CITY CENTRAL PARK, NY US","40.77898","-73.96925","42.7","2015-07-26",,"90","74",,
"USW00094728","NY CITY CENTRAL PARK, NY US","40.77898","-73.96925","42.7","2015-07-27",,"86","71",,
"USW00094728","NY CITY CENTRAL PARK, NY US","40.77898","-73.96925","42.7","2015-07-28",,"95","75",,
"USW00094728","NY CITY CENTRAL PARK, NY US","40.77898","-73.96925","42.7","2015-07-29",,"96","78",,
"USW00094728","NY CITY CENTRAL PARK, NY US","40.77898","-73.96925","42.7","2015-07-30",,"87","76",,
"USW00094728","NY CITY CENTRAL PARK, NY US","40.77898","-73.96925","42.7","2015-07-31",,"89","72",,
"USW00094728","NY CITY CENTRAL PARK, NY US","40.77898","-73.96925","42.7","2015-08-01",,"89","75",,
"USW00094728","NY CITY CENTRAL PARK, NY US","40.77898","-73.96925","42.7","2015-08-02",,"89","71",,
"USW00094728","NY CITY CENTRAL PARK, NY US","40.77898","-73.96925","42.7","2015-08-03",,"90","75",,
"USW00094728","NY CITY CENTRAL PARK, NY US","40.77898","-73.96925","42.7","2015-08-04",,"89","69",,
"USW00094728","NY CITY CENTRAL PARK, NY US","40.77898","-73.96925","42.7","2015-08-05",,"87","72",,
"USW00094728","NY CITY CENTRAL PARK, NY US","40.77898","-73.96925","42.7","2015-08-06",,"83","67",,
"USW00094728","NY CITY CENTRAL PARK, NY US","40.77898","-73.96925","42.7","2015-08-07",,"84","69",,
"USW00094728","NY CITY CENTRAL PARK, NY US","40.77898","-73.96925","42.7","2015-08-08",,"82","68",,
"USW00094728","NY CITY CENTRAL PARK, NY US","40.77898","-73.96925","42.7","2015-08-09",,"85","68",,
"USW00094728","NY CITY CENTRAL PARK, NY US","40.77898","-73.96925","42.7","2015-08-10",,"84","70",,
"USW00094728","NY CITY CENTRAL PARK, NY US","40.77898","-73.96925","42.7","2015-08-11",,"81","71",,
"USW00094728","NY CITY CENTRAL PARK, NY US","40.77898","-73.96925","42.7","2015-08-12",,"85","71",,
"USW00094728","NY CITY CENTRAL PARK, NY US","40.77898","-73.96925","42.7","2015-08-13",,"83","67",,
"USW00094728","NY CITY CENTRAL PARK, NY US","40.77898","-73.96925","42.7","2015-08-14",,"88","67",,
"USW00094728","NY CITY CENTRAL PARK, NY US","40.77898","-73.96925","42.7","2015-08-15",,"92","73",,
"USW00094728","NY CITY CENTRAL PARK, NY US","40.77898","-73.96925","42.7","2015-08-16",,"93","76",,
"USW00094728","NY CITY CENTRAL PARK, NY US","40.77898","-73.96925","42.7","2015-08-17",,"95","78",,
"USW00094728","NY CITY CENTRAL PARK, NY US","40.77898","-73.96925","42.7","2015-08-18",,"90","73",,
"USW00094728","NY CITY CENTRAL PARK, NY US","40.77898","-73.96925","42.7","2015-08-19",,"87","77",,
"USW00094728","NY CITY CENTRAL PARK, NY US","40.77898","-73.96925","42.7","2015-08-20",,"86","77",,
"USW00094728","NY CITY CENTRAL PARK, NY US","40.77898","-73.96925","42.7","2015-08-21",,"87","71",,
"USW00094728","NY CITY CENTRAL PARK, NY US","40.77898","-73.96925","42.7","2015-08-22",,"86","69",,
"USW00094728","NY CITY CENTRAL PARK, NY US","40.77898","-73.96925","42.7","2015-08-23",,"85","70",,
"USW00094728","NY CITY CENTRAL PARK, NY US","40.77898","-73.96925","42.7","2015-08-24",,"87","73",,
"USW00094728","NY CITY CENTRAL PARK, NY US","40.77898","-73.96925","42.7","2015-08-25",,"90","73",,
"USW00094728","NY CITY CENTRAL PARK, NY US","40.77898","-73.96925","42.7","2015-08-26",,"85","67",,
"USW00094728","NY CITY CENTRAL PARK, NY US","40.77898","-73.96925","42.7","2015-08-27",,"82","67",,
"USW00094728","NY CITY CENTRAL PARK, NY US","40.77898","-73.96925","42.7","2015-08-28",,"82","63",,
"USW00094728","NY CITY CENTRAL PARK, NY US","40.77898","-73.96925","42.7","2015-08-29",,"87","67",,
"USW00094728","NY CITY CENTRAL PARK, NY US","40.77898","-73.96925","42.7","2015-08-30",,"90","72",,
"USW00094728","NY CITY CENTRAL PARK, NY US","40.77898","-73.96925","42.7","2015-08-31",,"91","76",,
"USW00094728","NY CITY CENTRAL PARK, NY US","40.77898","-73.96925","42.7","2015-09-01",,"90","76",,
"USW00094728","NY CITY CENTRAL PARK, NY US","40.77898","-73.96925","42.7","2015-09-02",,"91","74",,
"USW00094728","NY CITY CENTRAL PARK, NY US","40.77898","-73.96925","42.7","2015-09-03",,"93","74",,
"USW00094728","NY CITY CENTRAL PARK, NY US","40.77898","-73.96925","42.7","2015-09-04",,"85","72",,
"USW00094728","NY CITY CENTRAL PARK, NY US","40.77898","-73.96925","42.7","2015-09-05",,"83","67",,
"USW00094728","NY CITY CENTRAL PARK, NY US","40.77898","-73.96925","42.7","2015-09-06",,"87","65",,
"USW00094728","NY CITY CENTRAL PARK, NY US","40.77898","-73.96925","42.7","2015-09-07",,"92","70",,
"USW00094728","NY CITY CENTRAL PARK, NY US","40.77898","-73.96925","42.7","2015-09-08",,"97","76",,
"USW00094728","NY CITY CENTRAL PARK, NY US","40.77898","-73.96925","42.7","2015-09-09",,"90","76",,
"USW00094728","NY CITY CENTRAL PARK, NY US","40.77898","-73.96925","42.7","2015-09-10",,"79","70",,
"USW00094728","NY CITY CENTRAL PARK, NY US","40.77898","-73.96925","42.7","2015-09-11",,"81","66",,
"USW00094728","NY CITY CENTRAL PARK, NY US","40.77898","-73.96925","42.7","2015-09-12",,"79","69",,
"USW00094728","NY CITY CENTRAL PARK, NY US","40.77898","-73.96925","42.7","2015-09-13",,"80","62",,
"USW00094728","NY CITY CENTRAL PARK, NY US","40.77898","-73.96925","42.7","2015-09-14",,"77","59",,
"USW00094728","NY CITY CENTRAL PARK, NY US","40.77898","-73.96925","42.7","2015-09-15",,"84","62",,
"USW00094728","NY CITY CENTRAL PARK, NY US","40.77898","-73.96925","42.7","2015-09-16",,"88","66",,
"USW00094728","NY CITY CENTRAL PARK, NY US","40.77898","-73.96925","42.7","2015-09-17",,"89","68",,
"USW00094728","NY CITY CENTRAL PARK, NY US","40.77898","-73.96925","42.7","2015-09-18",,"87","68",,
"USW00094728","NY CITY CENTRAL PARK, NY US","40.77898","-73.96925","42.7","2015-09-19",,"83","68",,
"USW00094728","NY CITY CENTRAL PARK, NY US","40.77898","-73.96925","42.7","2015-09-20",,"79","64",,
"USW00094728","NY CITY CENTRAL PARK, NY US","40.77898","-73.96925","42.7","2015-09-21",,"73","59",,
"USW00094789","JFK INTERNATIONAL AIRPORT, NY US","40.6386","-73.7622","3.4","2015-04-01","42","53","34",,
"USW00094789","JFK INTERNATIONAL AIRPORT, NY US","40.6386","-73.7622","3.4","2015-04-02","46","57","33",,
"USW00094789","JFK INTERNATIONAL AIRPORT, NY US","40.6386","-73.7622","3.4","2015-04-03","50","59","46",,
"USW00094789","JFK INTERNATIONAL AIRPORT, NY US","40.6386","-73.7622","3.4","2015-04-04","51","56","44",,
"USW00094789","JFK INTERNATIONAL AIRPORT, NY US","40.6386","-73.7622","3.4","2015-04-05","50","65","38",,
"USW00094789","JFK INTERNATIONAL AIRPORT, NY US","40.6386","-73.7622","3.4","2015-04-06","49","60","39",,
"USW00094789","JFK INTERNATIONAL AIRPORT, NY US","40.6386","-73.7622","3.4","2015-04-07","51","57","44",,
"USW00094789","JFK INTERNATIONAL AIRPORT, NY US","40.6386","-73.7622","3.4","2015-04-08","45","49","36",,
"USW00094789","JFK INTERNATIONAL AIRPORT, NY US","40.6386","-73.7622","3.4","2015-04-09","40","44","38",,
"USW00094789","JFK INTERNATIONAL AIRPORT, NY US","40.6386","-73.7622","3.4","2015-04-10","44","58","40",,
"USW00094789","JFK INTERNATIONAL AIRPORT, NY US","40.6386","-73.7622","3.4","2015-04-11","56","61","45",,
"USW00094789","JFK INTERNATIONAL AIRPORT, NY US","40.6386","-73.7622","3.4","2015-04-12","51","61","43",,
"USW00094789","JFK INTERNATIONAL AIRPORT, NY US","40.6386","-73.7622","3.4","2015-04-13","51","62","43",,
"USW00094789","JFK INTERNATIONAL AIRPORT, NY US","40.6386","-73.7622","3.4","2015-04-14","56","66","50",,
"USW00094789","JFK INTERNATIONAL AIRPORT, NY US","40.6386","-73.7622","3.4","2015-04-15","60","72","50",,
"USW00094789","JFK INTERNATIONAL AIRPORT, NY US","40.6386","-73.7622","3.4","2015-04-16","56","60","48",,
"USW00094789","JFK INTERNATIONAL AIRPORT, NY US","40.6386","-73.7622","3.4","2015-04-17","56","69","52",,
"USW00094789","JFK INTERNATIONAL AIRPORT, NY US","40.6386","-73.7622","3.4","2015-04-18","62","73","51",,
"USW00094789","JFK INTERNATIONAL AIRPORT, NY US","40.6386","-73.7622","3.4","2015-04-19","56","62","47",,
"USW00094789","JFK INTERNATIONAL AIRPORT, NY US","40.6386","-73.7622","3.4","2015-04-20","51","58","47",,
"USW00094789","JFK INTERNATIONAL AIRPORT, NY US","40.6386","-73.7622","3.4","2015-04-21","58","67","50",,
"USW00094789","JFK INTERNATIONAL AIRPORT, NY US","40.6386","-73.7622","3.4","2015-04-22","55","63","46",,
"USW00094789","JFK INTERNATIONAL AIRPORT, NY US","40.6386","-73.7622","3.4","2015-04-23","48","54","42",,
"USW00094789","JFK INTERNATIONAL AIRPORT, NY US","40.6386","-73.7622","3.4","2015-04-24","44","52","39",,
"USW00094789","JFK INTERNATIONAL AIRPORT, NY US","40.6386","-73.7622","3.4","2015-04-25","46","59","39",,
"USW00094789","JFK INTERNATIONAL AIRPORT, NY US","40.6386","-73.7622","3.4","2015-04-26","51","59","43",,
"USW00094789","JFK INTERNATIONAL AIRPORT, NY US","40.6386","-73.7622","3.4","2015-04-27","55","63","49",,
"USW00094789","JFK INTERNATIONAL AIRPORT, NY US","40.6386","-73.7622","3.4","2015-04-28","58","71","51",,
"USW00094789","JFK INTERNATIONAL AIRPORT, NY US","40.6386","-73.7622","3.4","2015-04-29","63","77","50",,
"USW00094789","JFK INTERNATIONAL AIRPORT, NY US","40.6386","-73.7622","3.4","2015-04-30","55","63","48",,
"USW00094789","JFK INTERNATIONAL AIRPORT, NY US","40.6386","-73.7622","3.4","2015-05-01","51","56","47",,
"USW00094789","JFK INTERNATIONAL AIRPORT, NY US","40.6386","-73.7622","3.4","2015-05-02","51","61","43",,
"USW00094789","JFK INTERNATIONAL AIRPORT, NY US","40.6386","-73.7622","3.4","2015-05-03","55","67","46",,
"USW00094789","JFK INTERNATIONAL AIRPORT, NY US","40.6386","-73.7622","3.4","2015-05-04","61","74","50",,
"USW00094789","JFK INTERNATIONAL AIRPORT, NY US","40.6386","-73.7622","3.4","2015-05-05","67","82","55",,
"USW00094789","JFK INTERNATIONAL AIRPORT, NY US","40.6386","-73.7622","3.4","2015-05-06","65","70","54",,
"USW00094789","JFK INTERNATIONAL AIRPORT, NY US","40.6386","-73.7622","3.4","2015-05-07","62","72","51",,
"USW00094789","JFK INTERNATIONAL AIRPORT, NY US","40.6386","-73.7622","3.4","2015-05-08","60","72","53",,
"USW00094789","JFK INTERNATIONAL AIRPORT, NY US","40.6386","-73.7622","3.4","2015-05-09","61","64","58",,
"USW00094789","JFK INTERNATIONAL AIRPORT, NY US","40.6386","-73.7622","3.4","2015-05-10","64","74","58",,
"USW00094789","JFK INTERNATIONAL AIRPORT, NY US","40.6386","-73.7622","3.4","2015-05-11","68","77","62",,
"USW00094789","JFK INTERNATIONAL AIRPORT, NY US","40.6386","-73.7622","3.4","2015-05-12","73","87","65",,
"USW00094789","JFK INTERNATIONAL AIRPORT, NY US","40.6386","-73.7622","3.4","2015-05-13","67","73","55",,
"USW00094789","JFK INTERNATIONAL AIRPORT, NY US","40.6386","-73.7622","3.4","2015-05-14","60","71","51",,
"USW00094789","JFK INTERNATIONAL AIRPORT, NY US","40.6386","-73.7622","3.4","2015-05-15","61","71","53",,
"USW00094789","JFK INTERNATIONAL AIRPORT, NY US","40.6386","-73.7622","3.4","2015-05-16","62","70","58",,
"USW00094789","JFK INTERNATIONAL AIRPORT, NY US","40.6386","-73.7622","3.4","2015-05-17","69","81","61",,
"USW00094789","JFK INTERNATIONAL AIRPORT, NY US","40.6386","-73.7622","3.4","2015-05-18","63","68","57",,
"USW00094789","JFK INTERNATIONAL AIRPORT, NY US","40.6386","-73.7622","3.4","2015-05-19","62","75","57",,
"USW00094789","JFK INTERNATIONAL AIRPORT, NY US","40.6386","-73.7622","3.4","2015-05-20","63","69","54",,
"USW00094789","JFK INTERNATIONAL AIRPORT, NY US","40.6386","-73.7622","3.4","2015-05-21","56","62","52",,
"USW00094789","JFK INTERNATIONAL AIRPORT, NY US","40.6386","-73.7622","3.4","2015-05-22","63","79","54",,
"USW00094789","JFK INTERNATIONAL AIRPORT, NY US","40.6386","-73.7622","3.4","2015-05-23","60","68","51",,
"USW00094789","JFK INTERNATIONAL AIRPORT, NY US","40.6386","-73.7622","3.4","2015-05-24","62","74","53",,
"USW00094789","JFK INTERNATIONAL AIRPORT, NY US","40.6386","-73.7622","3.4","2015-05-25","66","77","57",,
"USW00094789","JFK INTERNATIONAL AIRPORT, NY US","40.6386","-73.7622","3.4","2015-05-26","68","76","60",,
"USW00094789","JFK INTERNATIONAL AIRPORT, NY US","40.6386","-73.7622","3.4","2015-05-27","66","74","61",,
"USW00094789","JFK INTERNATIONAL AIRPORT, NY US","40.6386","-73.7622","3.4","2015-05-28","65","78","60",,
"USW00094789","JFK INTERNATIONAL AIRPORT, NY US","40.6386","-73.7622","3.4","2015-05-29","71","80","63",,
"USW00094789","JFK INTERNATIONAL AIRPORT, NY US","40.6386","-73.7622","3.4","2015-05-30","69","78","62",,
"USW00094789","JFK INTERNATIONAL AIRPORT, NY US","40.6386","-73.7622","3.4","2015-05-31","69","79","63",,
"USW00094789","JFK INTERNATIONAL AIRPORT, NY US","40.6386","-73.7622","3.4","2015-06-01","62","63","52",,
"USW00094789","JFK INTERNATIONAL AIRPORT, NY US","40.6386","-73.7622","3.4","2015-06-02","53","56","51",,
"USW00094789","JFK INTERNATIONAL AIRPORT, NY US","40.6386","-73.7622","3.4","2015-06-03","58","68","53",,
"USW00094789","JFK INTERNATIONAL AIRPORT, NY US","40.6386","-73.7622","3.4","2015-06-04","59","67","55",,
"USW00094789","JFK INTERNATIONAL AIRPORT, NY US","40.6386","-73.7622","3.4","2015-06-05","60","69","57",,
"USW00094789","JFK INTERNATIONAL AIRPORT, NY US","40.6386","-73.7622","3.4","2015-06-06","66","79","59",,
"USW00094789","JFK INTERNATIONAL AIRPORT, NY US","40.6386","-73.7622","3.4","2015-06-07","64","71","56",,
"USW00094789","JFK INTERNATIONAL AIRPORT, NY US","40.6386","-73.7622","3.4","2015-06-08","66","73","61",,
"USW00094789","JFK INTERNATIONAL AIRPORT, NY US","40.6386","-73.7622","3.4","2015-06-09","70","85","64",,
"USW00094789","JFK INTERNATIONAL AIRPORT, NY US","40.6386","-73.7622","3.4","2015-06-10","74","79","65",,
"USW00094789","JFK INTERNATIONAL AIRPORT, NY US","40.6386","-73.7622","3.4","2015-06-11","75","87","66",,
"USW00094789","JFK INTERNATIONAL AIRPORT, NY US","40.6386","-73.7622","3.4","2015-06-12","78","85","71",,
"USW00094789","JFK INTERNATIONAL AIRPORT, NY US","40.6386","-73.7622","3.4","2015-06-13","80","88","67",,
"USW00094789","JFK INTERNATIONAL AIRPORT, NY US","40.6386","-73.7622","3.4","2015-06-14","75","86","66",,
"USW00094789","JFK INTERNATIONAL AIRPORT, NY US","40.6386","-73.7622","3.4","2015-06-15","72","81","66",,
"USW00094789","JFK INTERNATIONAL AIRPORT, NY US","40.6386","-73.7622","3.4","2015-06-16","69","79","66",,
"USW00094789","JFK INTERNATIONAL AIRPORT, NY US","40.6386","-73.7622","3.4","2015-06-17","74","81","66",,
"USW00094789","JFK INTERNATIONAL AIRPORT, NY US","40.6386","-73.7622","3.4","2015-06-18","67","71","65",,
"USW00094789","JFK INTERNATIONAL AIRPORT, NY US","40.6386","-73.7622","3.4","2015-06-19","74","89","67",,
"USW00094789","JFK INTERNATIONAL AIRPORT, NY US","40.6386","-73.7622","3.4","2015-06-20","72","75","67",,
"USW00094789","JFK INTERNATIONAL AIRPORT, NY US","40.6386","-73.7622","3.4","2015-06-21","77","90","71",,
"USW00094789","JFK INTERNATIONAL AIRPORT, NY US","40.6386","-73.7622","3.4","2015-06-22","82","89","74",,
"USW00094789","JFK INTERNATIONAL AIRPORT, NY US","40.6386","-73.7622","3.4","2015-06-23","79","89","72",,
"USW00094789","JFK INTERNATIONAL AIRPORT, NY US","40.6386","-73.7622","3.4","2015-06-24","79","86","69",,
"USW00094789","JFK INTERNATIONAL AIRPORT, NY US","40.6386","-73.7622","3.4","2015-06-25","76","82","67",,
"USW00094789","JFK INTERNATIONAL AIRPORT, NY US","40.6386","-73.7622","3.4","2015-06-26","74","81","69",,
"USW00094789","JFK INTERNATIONAL AIRPORT, NY US","40.6386","-73.7622","3.4","2015-06-27","68","71","62",,
"USW00094789","JFK INTERNATIONAL AIRPORT, NY US","40.6386","-73.7622","3.4","2015-06-28","67","76","64",,
"USW00094789","JFK INTERNATIONAL AIRPORT, NY US","40.6386","-73.7622","3.4","2015-06-29","72","79","64",,
"USW00094789","JFK INTERNATIONAL AIRPORT, NY US","40.6386","-73.7622","3.4","2015-06-30","73","81","66",,
"USW00094789","JFK INTERNATIONAL AIRPORT, NY US","40.6386","-73.7622","3.4","2015-07-01","76","85","71",,
"USW00094789","JFK INTERNATIONAL AIRPORT, NY US","40.6386","-73.7622","3.4","2015-07-02","77","80","69",,
"USW00094789","JFK INTERNATIONAL AIRPORT, NY US","40.6386","-73.7622","3.4","2015-07-03","73","82","65",,
"USW00094789","JFK INTERNATIONAL AIRPORT, NY US","40.6386","-73.7622","3.4","2015-07-04","73","80","67",,
"USW00094789","JFK INTERNATIONAL AIRPORT, NY US","40.6386","-73.7622","3.4","2015-07-05","74","81","67",,
"USW00094789","JFK INTERNATIONAL AIRPORT, NY US","40.6386","-73.7622","3.4","2015-07-06","75","83","69",,
"USW00094789","JFK INTERNATIONAL AIRPORT, NY US","40.6386","-73.7622","3.4","2015-07-07","78","84","74",,
"USW00094789","JFK INTERNATIONAL AIRPORT, NY US","40.6386","-73.7622","3.4","2015-07-08","80","89","74",,
"USW00094789","JFK INTERNATIONAL AIRPORT, NY US","40.6386","-73.7622","3.4","2015-07-09","75","77","72",,
"USW00094789","JFK INTERNATIONAL AIRPORT, NY US","40.6386","-73.7622","3.4","2015-07-10","77","86","73",,
"USW00094789","JFK INTERNATIONAL AIRPORT, NY US","40.6386","-73.7622","3.4","2015-07-11","78","86","70",,
"USW00094789","JFK INTERNATIONAL AIRPORT, NY US","40.6386","-73.7622","3.4","2015-07-12","78","86","71",,
"USW00094789","JFK INTERNATIONAL AIRPORT, NY US","40.6386","-73.7622","3.4","2015-07-13","77","84","72",,
"USW00094789","JFK INTERNATIONAL AIRPORT, NY US","40.6386","-73.7622","3.4","2015-07-14","76","80","73",,
"USW00094789","JFK INTERNATIONAL AIRPORT, NY US","40.6386","-73.7622","3.4","2015-07-15","77","82","73",,
"USW00094789","JFK INTERNATIONAL AIRPORT, NY US","40.6386","-73.7622","3.4","2015-07-16","73","79","66",,
"USW00094789","JFK INTERNATIONAL AIRPORT, NY US","40.6386","-73.7622","3.4","2015-07-17","72","80","67",,
"USW00094789","JFK INTERNATIONAL AIRPORT, NY US","40.6386","-73.7622","3.4","2015-07-18","76","83","73",,
"USW00094789","JFK INTERNATIONAL AIRPORT, NY US","40.6386","-73.7622","3.4","2015-07-19","80","89","75",,
"USW00094789","JFK INTERNATIONAL AIRPORT, NY US","40.6386","-73.7622","3.4","2015-07-20","85","95","79",,
"USW00094789","JFK INTERNATIONAL AIRPORT, NY US","40.6386","-73.7622","3.4","2015-07-21","84","89","76",,
"USW00094789","JFK INTERNATIONAL AIRPORT, NY US","40.6386","-73.7622","3.4","2015-07-22","80","89","72",,
"USW00094789","JFK INTERNATIONAL AIRPORT, NY US","40.6386","-73.7622","3.4","2015-07-23","79","88","70",,
"USW00094789","JFK INTERNATIONAL AIRPORT, NY US","40.6386","-73.7622","3.4","2015-07-24","78","87","68",,
"USW00094789","JFK INTERNATIONAL AIRPORT, NY US","40.6386","-73.7622","3.4","2015-07-25","78","84","70",,
"USW00094789","JFK INTERNATIONAL AIRPORT, NY US","40.6386","-73.7622","3.4","2015-07-26","79","87","71",,
"USW00094789","JFK INTERNATIONAL AIRPORT, NY US","40.6386","-73.7622","3.4","2015-07-27","78","85","75",,
"USW00094789","JFK INTERNATIONAL AIRPORT, NY US","40.6386","-73.7622","3.4","2015-07-28","80","89","73",,
"USW00094789","JFK INTERNATIONAL AIRPORT, NY US","40.6386","-73.7622","3.4","2015-07-29","84","95","74",,
"USW00094789","JFK INTERNATIONAL AIRPORT, NY US","40.6386","-73.7622","3.4","2015-07-30","79","85","76",,
"USW00094789","JFK INTERNATIONAL AIRPORT, NY US","40.6386","-73.7622","3.4","2015-07-31","81","93","73",,
"USW00094789","JFK INTERNATIONAL AIRPORT, NY US","40.6386","-73.7622","3.4","2015-08-01","82","91","74",,
"USW00094789","JFK INTERNATIONAL AIRPORT, NY US","40.6386","-73.7622","3.4","2015-08-02","81","87","70",,
"USW00094789","JFK INTERNATIONAL AIRPORT, NY US","40.6386","-73.7622","3.4","2015-08-03","79","89","71",,
"USW00094789","JFK INTERNATIONAL AIRPORT, NY US","40.6386","-73.7622","3.4","2015-08-04","81","92","70",,
"USW00094789","JFK INTERNATIONAL AIRPORT, NY US","40.6386","-73.7622","3.4","2015-08-05","82","91","71",,
"USW00094789","JFK INTERNATIONAL AIRPORT, NY US","40.6386","-73.7622","3.4","2015-08-06","78","86","69",,
"USW00094789","JFK INTERNATIONAL AIRPORT, NY US","40.6386","-73.7622","3.4","2015-08-07","77","86","69",,
"USW00094789","JFK INTERNATIONAL AIRPORT, NY US","40.6386","-73.7622","3.4","2015-08-08","75","83","67",,
"USW00094789","JFK INTERNATIONAL AIRPORT, NY US","40.6386","-73.7622","3.4","2015-08-09","75","87","66",,
"USW00094789","JFK INTERNATIONAL AIRPORT, NY US","40.6386","-73.7622","3.4","2015-08-10","75","81","68",,
"USW00094789","JFK INTERNATIONAL AIRPORT, NY US","40.6386","-73.7622","3.4","2015-08-11","76","81","72",,
"USW00094789","JFK INTERNATIONAL AIRPORT, NY US","40.6386","-73.7622","3.4","2015-08-12","79","88","73",,
"USW00094789","JFK INTERNATIONAL AIRPORT, NY US","40.6386","-73.7622","3.4","2015-08-13","77","87","69",,
"USW00094789","JFK INTERNATIONAL AIRPORT, NY US","40.6386","-73.7622","3.4","2015-08-14","77","86","66",,
"USW00094789","JFK INTERNATIONAL AIRPORT, NY US","40.6386","-73.7622","3.4","2015-08-15","78","88","70",,
"USW00094789","JFK INTERNATIONAL AIRPORT, NY US","40.6386","-73.7622","3.4","2015-08-16","80","90","74",,
"USW00094789","JFK INTERNATIONAL AIRPORT, NY US","40.6386","-73.7622","3.4","2015-08-17","80","91","74",,
"USW00094789","JFK INTERNATIONAL AIRPORT, NY US","40.6386","-73.7622","3.4","2015-08-18","80","86","75",,
"USW00094789","JFK INTERNATIONAL AIRPORT, NY US","40.6386","-73.7622","3.4","2015-08-19","80","86","76",,
"USW00094789","JFK INTERNATIONAL AIRPORT, NY US","40.6386","-73.7622","3.4","2015-08-20","81","87","77",,
"USW00094789","JFK INTERNATIONAL AIRPORT, NY US","40.6386","-73.7622","3.4","2015-08-21","79","87","73",,
"USW00094789","JFK INTERNATIONAL AIRPORT, NY US","40.6386","-73.7622","3.4","2015-08-22","78","86","70",,
"USW00094789","JFK INTERNATIONAL AIRPORT, NY US","40.6386","-73.7622","3.4","2015-08-23","76","83","69",,
"USW00094789","JFK INTERNATIONAL AIRPORT, NY US","40.6386","-73.7622","3.4","2015-08-24","77","84","71",,
"USW00094789","JFK INTERNATIONAL AIRPORT, NY US","40.6386","-73.7622","3.4","2015-08-25","79","85","75",,
"USW00094789","JFK INTERNATIONAL AIRPORT, NY US","40.6386","-73.7622","3.4","2015-08-26","77","84","68",,
"USW00094789","JFK INTERNATIONAL AIRPORT, NY US","40.6386","-73.7622","3.4","2015-08-27","76","83","68",,
"USW00094789","JFK INTERNATIONAL AIRPORT, NY US","40.6386","-73.7622","3.4","2015-08-28","73","82","64",,
"USW00094789","JFK INTERNATIONAL AIRPORT, NY US","40.6386","-73.7622","3.4","2015-08-29","76","84","68",,
"USW00094789","JFK INTERNATIONAL AIRPORT, NY US","40.6386","-73.7622","3.4","2015-08-30","77","84","69",,
"USW00094789","JFK INTERNATIONAL AIRPORT, NY US","40.6386","-73.7622","3.4","2015-08-31","81","91","75",,
"USW00094789","JFK INTERNATIONAL AIRPORT, NY US","40.6386","-73.7622","3.4","2015-09-01","81","87","73",,
"USW00094789","JFK INTERNATIONAL AIRPORT, NY US","40.6386","-73.7622","3.4","2015-09-02","78","86","71",,
"USW00094789","JFK INTERNATIONAL AIRPORT, NY US","40.6386","-73.7622","3.4","2015-09-03","81","93","73",,
"USW00094789","JFK INTERNATIONAL AIRPORT, NY US","40.6386","-73.7622","3.4","2015-09-04","78","85","70",,
"USW00094789","JFK INTERNATIONAL AIRPORT, NY US","40.6386","-73.7622","3.4","2015-09-05","72","81","63",,
"USW00094789","JFK INTERNATIONAL AIRPORT, NY US","40.6386","-73.7622","3.4","2015-09-06","71","80","62",,
"USW00094789","JFK INTERNATIONAL AIRPORT, NY US","40.6386","-73.7622","3.4","2015-09-07","76","86","70",,
"USW00094789","JFK INTERNATIONAL AIRPORT, NY US","40.6386","-73.7622","3.4","2015-09-08","80","91","73",,
"USW00094789","JFK INTERNATIONAL AIRPORT, NY US","40.6386","-73.7622","3.4","2015-09-09","79","87","75",,
"USW00094789","JFK INTERNATIONAL AIRPORT, NY US","40.6386","-73.7622","3.4","2015-09-10","76","79","71",,
"USW00094789","JFK INTERNATIONAL AIRPORT, NY US","40.6386","-73.7622","3.4","2015-09-11","73","82","66",,
"USW00094789","JFK INTERNATIONAL AIRPORT, NY US","40.6386","-73.7622","3.4","2015-09-12","74","80","68",,
"USW00094789","JFK INTERNATIONAL AIRPORT, NY US","40.6386","-73.7622","3.4","2015-09-13","72","79","62",,
"USW00094789","JFK INTERNATIONAL AIRPORT, NY US","40.6386","-73.7622","3.4","2015-09-14","68","78","60",,
"USW00094789","JFK INTERNATIONAL AIRPORT, NY US","40.6386","-73.7622","3.4","2015-09-15","72","80","62",,
"USW00094789","JFK INTERNATIONAL AIRPORT, NY US","40.6386","-73.7622","3.4","2015-09-16","74","84","62",,
"USW00094789","JFK INTERNATIONAL AIRPORT, NY US","40.6386","-73.7622","3.4","2015-09-17","74","84","64",,
"USW00094789","JFK INTERNATIONAL AIRPORT, NY US","40.6386","-73.7622","3.4","2015-09-18","74","83","65",,
"USW00094789","JFK INTERNATIONAL AIRPORT, NY US","40.6386","-73.7622","3.4","2015-09-19","73","80","68",,
"USW00094789","JFK INTERNATIONAL AIRPORT, NY US","40.6386","-73.7622","3.4","2015-09-20","74","80","64",,
"USW00094789","JFK INTERNATIONAL AIRPORT, NY US","40.6386","-73.7622","3.4","2015-09-21","66","72","59",,
"US1NYKN0025","BROOKLYN 3.1 NW, NY US","40.6846","-73.9867","5.5","2015-04-01",,,,,
"US1NYKN0025","BROOKLYN 3.1 NW, NY US","40.6846","-73.9867","5.5","2015-04-02",,,,,
"US1NYKN0025","BROOKLYN 3.1 NW, NY US","40.6846","-73.9867","5.5","2015-04-03",,,,,
"US1NYKN0025","BROOKLYN 3.1 NW, NY US","40.6846","-73.9867","5.5","2015-04-09",,,,,
"US1NYKN0025","BROOKLYN 3.1 NW, NY US","40.6846","-73.9867","5.5","2015-04-10",,,,,
"US1NYKN0025","BROOKLYN 3.1 NW, NY US","40.6846","-73.9867","5.5","2015-04-11",,,,,
"US1NYKN0025","BROOKLYN 3.1 NW, NY US","40.6846","-73.9867","5.5","2015-04-12",,,,,
"US1NYKN0025","BROOKLYN 3.1 NW, NY US","40.6846","-73.9867","5.5","2015-04-13",,,,,
"US1NYKN0025","BROOKLYN 3.1 NW, NY US","40.6846","-73.9867","5.5","2015-04-14",,,,,
"US1NYKN0025","BROOKLYN 3.1 NW, NY US","40.6846","-73.9867","5.5","2015-04-15",,,,,
"US1NYKN0025","BROOKLYN 3.1 NW, NY US","40.6846","-73.9867","5.5","2015-04-16",,,,,
"US1NYKN0025","BROOKLYN 3.1 NW, NY US","40.6846","-73.9867","5.5","2015-04-17",,,,,
"US1NYKN0025","BROOKLYN 3.1 NW, NY US","40.6846","-73.9867","5.5","2015-04-23",,,,,
"US1NYKN0025","BROOKLYN 3.1 NW, NY US","40.6846","-73.9867","5.5","2015-04-24",,,,,
"US1NYKN0025","BROOKLYN 3.1 NW, NY US","40.6846","-73.9867","5.5","2015-04-25",,,,,
"US1NYKN0025","BROOKLYN 3.1 NW, NY US","40.6846","-73.9867","5.5","2015-04-26",,,,,
"US1NYKN0025","BROOKLYN 3.1 NW, NY US","40.6846","-73.9867","5.5","2015-04-27",,,,,
"US1NYKN0025","BROOKLYN 3.1 NW, NY US","40.6846","-73.9867","5.5","2015-04-28",,,,,
"US1NYKN0025","BROOKLYN 3.1 NW, NY US","40.6846","-73.9867","5.5","2015-04-29",,,,,
"US1NYKN0025","BROOKLYN 3.1 NW, NY US","40.6846","-73.9867","5.5","2015-04-30",,,,,
"US1NYKN0025","BROOKLYN 3.1 NW, NY US","40.6846","-73.9867","5.5","2015-05-01",,,,,
"US1NYKN0025","BROOKLYN 3.1 NW, NY US","40.6846","-73.9867","5.5","2015-05-06",,,,,
"US1NYKN0025","BROOKLYN 3.1 NW, NY US","40.6846","-73.9867","5.5","2015-05-07",,,,,
"US1NYKN0025","BROOKLYN 3.1 NW, NY US","40.6846","-73.9867","5.5","2015-05-08",,,,,
"US1NYKN0025","BROOKLYN 3.1 NW, NY US","40.6846","-73.9867","5.5","2015-05-09",,,,,
"US1NYKN0025","BROOKLYN 3.1 NW, NY US","40.6846","-73.9867","5.5","2015-05-10",,,,,
"US1NYKN0025","BROOKLYN 3.1 NW, NY US","40.6846","-73.9867","5.5","2015-05-11",,,,,
"US1NYKN0025","BROOKLYN 3.1 NW, NY US","40.6846","-73.9867","5.5","2015-05-12",,,,,
"US1NYKN0025","BROOKLYN 3.1 NW, NY US","40.6846","-73.9867","5.5","2015-05-13",,,,,
"US1NYKN0025","BROOKLYN 3.1 NW, NY US","40.6846","-73.9867","5.5","2015-05-14",,,,,
"US1NYKN0025","BROOKLYN 3.1 NW, NY US","40.6846","-73.9867","5.5","2015-05-15",,,,,
"US1NYKN0025","BROOKLYN 3.1 NW, NY US","40.6846","-73.9867","5.5","2015-05-19",,,,,
"US1NYKN0025","BROOKLYN 3.1 NW, NY US","40.6846","-73.9867","5.5","2015-05-20",,,,,
"US1NYKN0025","BROOKLYN 3.1 NW, NY US","40.6846","-73.9867","5.5","2015-05-21",,,,,
"US1NYKN0025","BROOKLYN 3.1 NW, NY US","40.6846","-73.9867","5.5","2015-05-22",,,,,
"US1NYKN0025","BROOKLYN 3.1 NW, NY US","40.6846","-73.9867","5.5","2015-05-24",,,,,
"US1NYKN0025","BROOKLYN 3.1 NW, NY US","40.6846","-73.9867","5.5","2015-05-25",,,,,
"US1NYKN0025","BROOKLYN 3.1 NW, NY US","40.6846","-73.9867","5.5","2015-05-26",,,,,
"US1NYKN0025","BROOKLYN 3.1 NW, NY US","40.6846","-73.9867","5.5","2015-05-27",,,,,
"US1NYKN0025","BROOKLYN 3.1 NW, NY US","40.6846","-73.9867","5.5","2015-05-28",,,,,
"US1NYKN0025","BROOKLYN 3.1 NW, NY US","40.6846","-73.9867","5.5","2015-06-02",,,,,
"US1NYKN0025","BROOKLYN 3.1 NW, NY US","40.6846","-73.9867","5.5","2015-06-03",,,,,
"US1NYKN0025","BROOKLYN 3.1 NW, NY US","40.6846","-73.9867","5.5","2015-06-04",,,,,
"US1NYKN0025","BROOKLYN 3.1 NW, NY US","40.6846","-73.9867","5.5","2015-06-05",,,,,
"US1NYKN0025","BROOKLYN 3.1 NW, NY US","40.6846","-73.9867","5.5","2015-06-06",,,,,
"US1NYKN0025","BROOKLYN 3.1 NW, NY US","40.6846","-73.9867","5.5","2015-06-07",,,,,
"US1NYKN0025","BROOKLYN 3.1 NW, NY US","40.6846","-73.9867","5.5","2015-06-08",,,,,
"US1NYKN0025","BROOKLYN 3.1 NW, NY US","40.6846","-73.9867","5.5","2015-06-09",,,,,
"US1NYKN0025","BROOKLYN 3.1 NW, NY US","40.6846","-73.9867","5.5","2015-06-10",,,,,
"US1NYKN0025","BROOKLYN 3.1 NW, NY US","40.6846","-73.9867","5.5","2015-06-11",,,,,
"US1NYKN0025","BROOKLYN 3.1 NW, NY US","40.6846","-73.9867","5.5","2015-06-16",,,,,
"US1NYKN0025","BROOKLYN 3.1 NW, NY US","40.6846","-73.9867","5.5","2015-06-17",,,,,
"US1NYKN0025","BROOKLYN 3.1 NW, NY US","40.6846","-73.9867","5.5","2015-06-18",,,,,
"US1NYKN0025","BROOKLYN 3.1 NW, NY US","40.6846","-73.9867","5.5","2015-06-19",,,,,
"US1NYKN0025","BROOKLYN 3.1 NW, NY US","40.6846","-73.9867","5.5","2015-06-20",,,,,
"US1NYKN0025","BROOKLYN 3.1 NW, NY US","40.6846","-73.9867","5.5","2015-06-21",,,,,
"US1NYKN0025","BROOKLYN 3.1 NW, NY US","40.6846","-73.9867","5.5","2015-06-22",,,,,
"US1NYKN0025","BROOKLYN 3.1 NW, NY US","40.6846","-73.9867","5.5","2015-06-23",,,,,
"US1NYKN0025","BROOKLYN 3.1 NW, NY US","40.6846","-73.9867","5.5","2015-06-24",,,,,
"US1NYKN0025","BROOKLYN 3.1 NW, NY US","40.6846","-73.9867","5.5","2015-06-25",,,,,
"US1NYKN0025","BROOKLYN 3.1 NW, NY US","40.6846","-73.9867","5.5","2015-06-30",,,,,
"US1NYKN0025","BROOKLYN 3.1 NW, NY US","40.6846","-73.9867","5.5","2015-07-01",,,,,
"US1NYKN0025","BROOKLYN 3.1 NW, NY US","40.6846","-73.9867","5.5","2015-07-02",,,,,
"US1NYKN0025","BROOKLYN 3.1 NW, NY US","40.6846","-73.9867","5.5","2015-07-03",,,,,
"US1NYKN0025","BROOKLYN 3.1 NW, NY US","40.6846","-73.9867","5.5","2015-07-04",,,,,
"US1NYKN0025","BROOKLYN 3.1 NW, NY US","40.6846","-73.9867","5.5","2015-07-05",,,,,
"US1NYKN0025","BROOKLYN 3.1 NW, NY US","40.6846","-73.9867","5.5","2015-07-06",,,,,
"US1NYKN0025","BROOKLYN 3.1 NW, NY US","40.6846","-73.9867","5.5","2015-07-07",,,,,
"US1NYKN0025","BROOKLYN 3.1 NW, NY US","40.6846","-73.9867","5.5","2015-07-08",,,,,
"US1NYKN0025","BROOKLYN 3.1 NW, NY US","40.6846","-73.9867","5.5","2015-07-09",,,,,
"US1NYKN0025","BROOKLYN 3.1 NW, NY US","40.6846","-73.9867","5.5","2015-07-14",,,,,
"US1NYKN0025","BROOKLYN 3.1 NW, NY US","40.6846","-73.9867","5.5","2015-07-15",,,,,
"US1NYKN0025","BROOKLYN 3.1 NW, NY US","40.6846","-73.9867","5.5","2015-07-16",,,,,
"US1NYKN0025","BROOKLYN 3.1 NW, NY US","40.6846","-73.9867","5.5","2015-07-17",,,,,
"US1NYKN0025","BROOKLYN 3.1 NW, NY US","40.6846","-73.9867","5.5","2015-07-18",,,,,
"US1NYKN0025","BROOKLYN 3.1 NW, NY US","40.6846","-73.9867","5.5","2015-07-19",,,,,
"US1NYKN0025","BROOKLYN 3.1 NW, NY US","40.6846","-73.9867","5.5","2015-07-21",,,,,
"US1NYKN0025","BROOKLYN 3.1 NW, NY US","40.6846","-73.9867","5.5","2015-07-22",,,,,
"US1NYKN0025","BROOKLYN 3.1 NW, NY US","40.6846","-73.9867","5.5","2015-07-23",,,,,
"US1NYKN0025","BROOKLYN 3.1 NW, NY US","40.6846","-73.9867","5.5","2015-07-26",,,,,
"US1NYKN0025","BROOKLYN 3.1 NW, NY US","40.6846","-73.9867","5.5","2015-07-27",,,,,
"US1NYKN0025","BROOKLYN 3.1 NW, NY US","40.6846","-73.9867","5.5","2015-07-28",,,,,
"US1NYKN0025","BROOKLYN 3.1 NW, NY US","40.6846","-73.9867","5.5","2015-07-30",,,,,
"US1NYKN0025","BROOKLYN 3.1 NW, NY US","40.6846","-73.9867","5.5","2015-07-31",,,,,
"US1NYKN0025","BROOKLYN 3.1 NW, NY US","40.6846","-73.9867","5.5","2015-08-01",,,,,
"US1NYKN0025","BROOKLYN 3.1 NW, NY US","40.6846","-73.9867","5.5","2015-08-02",,,,,
"US1NYKN0025","BROOKLYN 3.1 NW, NY US","40.6846","-73.9867","5.5","2015-08-03",,,,,
"US1NYKN0025","BROOKLYN 3.1 NW, NY US","40.6846","-73.9867","5.5","2015-08-04",,,,,
"US1NYKN0025","BROOKLYN 3.1 NW, NY US","40.6846","-73.9867","5.5","2015-08-05",,,,,
"US1NYKN0025","BROOKLYN 3.1 NW, NY US","40.6846","-73.9867","5.5","2015-08-06",,,,,
"US1NYKN0025","BROOKLYN 3.1 NW, NY US","40.6846","-73.9867","5.5","2015-08-11",,,,,
"US1NYKN0025","BROOKLYN 3.1 NW, NY US","40.6846","-73.9867","5.5","2015-08-12",,,,,
"US1NYKN0025","BROOKLYN 3.1 NW, NY US","40.6846","-73.9867","5.5","2015-08-13",,,,,
"US1NYKN0025","BROOKLYN 3.1 NW, NY US","40.6846","-73.9867","5.5","2015-08-14",,,,,
"US1NYKN0025","BROOKLYN 3.1 NW, NY US","40.6846","-73.9867","5.5","2015-08-15",,,,,
"US1NYKN0025","BROOKLYN 3.1 NW, NY US","40.6846","-73.9867","5.5","2015-08-16",,,,,
"US1NYKN0025","BROOKLYN 3.1 NW, NY US","40.6846","-73.9867","5.5","2015-08-17",,,,,
"US1NYKN0025","BROOKLYN 3.1 NW, NY US","40.6846","-73.9867","5.5","2015-08-18",,,,,
"US1NYKN0025","BROOKLYN 3.1 NW, NY US","40.6846","-73.9867","5.5","2015-08-19",,,,,
"US1NYKN0025","BROOKLYN 3.1 NW, NY US","40.6846","-73.9867","5.5","2015-08-20",,,,,
"US1NYKN0025","BROOKLYN 3.1 NW, NY US","40.6846","-73.9867","5.5","2015-08-25",,,,,
"US1NYKN0025","BROOKLYN 3.1 NW, NY US","40.6846","-73.9867","5.5","2015-08-26",,,,,
"US1NYKN0025","BROOKLYN 3.1 NW, NY US","40.6846","-73.9867","5.5","2015-08-27",,,,,
"US1NYKN0025","BROOKLYN 3.1 NW, NY US","40.6846","-73.9867","5.5","2015-08-28",,,,,
"US1NYKN0025","BROOKLYN 3.1 NW, NY US","40.6846","-73.9867","5.5","2015-08-29",,,,,
"US1NYKN0025","BROOKLYN 3.1 NW, NY US","40.6846","-73.9867","5.5","2015-08-30",,,,,
"US1NYKN0025","BROOKLYN 3.1 NW, NY US","40.6846","-73.9867","5.5","2015-08-31",,,,,
"US1NYKN0025","BROOKLYN 3.1 NW, NY US","40.6846","-73.9867","5.5","2015-09-01",,,,,
"US1NYKN0025","BROOKLYN 3.1 NW, NY US","40.6846","-73.9867","5.5","2015-09-02",,,,,
"US1NYKN0025","BROOKLYN 3.1 NW, NY US","40.6846","-73.9867","5.5","2015-09-03",,,,,
"US1NYKN0025","BROOKLYN 3.1 NW, NY US","40.6846","-73.9867","5.5","2015-09-09",,,,,
"US1NYKN0025","BROOKLYN 3.1 NW, NY US","40.6846","-73.9867","5.5","2015-09-10",,,,,
"US1NYKN0025","BROOKLYN 3.1 NW, NY US","40.6846","-73.9867","5.5","2015-09-11",,,,,
"US1NYKN0025","BROOKLYN 3.1 NW, NY US","40.6846","-73.9867","5.5","2015-09-12",,,,,
"US1NYKN0025","BROOKLYN 3.1 NW, NY US","40.6846","-73.9867","5.5","2015-09-13",,,,,
"US1NYKN0025","BROOKLYN 3.1 NW, NY US","40.6846","-73.9867","5.5","2015-09-14",,,,,
"US1NYKN0025","BROOKLYN 3.1 NW, NY US","40.6846","-73.9867","5.5","2015-09-15",,,,,
"US1NYKN0025","BROOKLYN 3.1 NW, NY US","40.6846","-73.9867","5.5","2015-09-16",,,,,
"US1NYKN0025","BROOKLYN 3.1 NW, NY US","40.6846","-73.9867","5.5","2015-09-17",,,,,
"US1NYKN0025","BROOKLYN 3.1 NW, NY US","40.6846","-73.9867","5.5","2015-09-21",,,,,
